{
  "weights": {
    "WS/40": -0.04312417848020093,
    "TS%": 0.017652920706452826,
    "USG%": 0.02038305446246418,
    "AST%": 0.08510100377695269,
    "TRB%": -0.34908603861411575,
    "DWS_40": -0.48465280395981375
  },
  "features": [
    "WS/40",
    "TS%",
    "USG%",
    "AST%",
    "TRB%",
    "DWS_40"
  ],
  "method": "ridge",
  "ridge_cv_mse": 0.9704091474214257,
  "lasso_cv_mse": 1.0,
  "elo_proxy": {
    "intercept": 1526.8922823838645,
    "coef_net": 5.541436546698988,
    "coef_win": 2.236749035086174
  },
  "sensitivity": {
    "spearman_mean": 0.9758385163223872,
    "spearman_std": 0.020213019243525747,
    "overlap_Draft_mean": 0.8780000000000001,
    "overlap_Draft_std": 0.13385066305401702,
    "overlap_FA_mean": 0.7,
    "overlap_FA_std": 0.14832396974191328,
    "overlap_Trade_mean": 0.47400000000000003,
    "overlap_Trade_std": 0.1814497175528251
  }
}