scenario,step,phase,win_pct,ELO,Skill_Mean,Syn,CF,OwnerTerminal,leverage,cash,cap_space,extra_payroll
model_replan,7,offseason,0.6091010030860176,1497.2393894071192,1.260433509007215,-0.5779250537500795,19.547777412434392,542.3731927545457,0.05235548239950091,106.96030183386766,0.0,0.0
replace_only,7,offseason,0.5562357674947156,1494.3691718799753,1.29414626233131,-0.5973312890772793,13.354682758542513,498.31276169689806,0.11851846365344071,146.02399033321674,0.0,0.0
