site,off_action,reg_action,win_mean,cf_mean,debt_mean,base_win,base_cf,base_debt,win_delta,cf_delta,debt_delta
Columbus,"(5, 2, 2, 1, 0, 0)","(3, 2, 2, 1, 0, 0)",0.3182084535912618,11.6225259728159,4.112027995194051,0.3178072325644628,9.93507849511844,41.95411804814745,0.0004012210267990146,1.6874474776974608,37.842090052953395
StLouis,"(5, 2, 2, 1, 0, 0)","(3, 2, 2, 1, 0, 0)",0.31773397810340503,11.649142308879131,4.112027995194051,0.31751915566641953,9.962909002941036,41.95411804814745,0.00021482243698550674,1.6862333059380958,37.842090052953395
Nashville,"(5, 2, 2, 1, 0, 0)","(3, 2, 2, 1, 0, 0)",0.31750028576941125,11.656259569056136,4.112027995194051,0.31737731886579684,9.970661681330515,41.95411804814745,0.00012296690361440765,1.6855978877256206,37.842090052953395
Denver,"(3, 3, 2, 1, 0, 1)","(3, 3, 2, 1, 0, 1)",0.31420760937542636,11.596170093126348,4.112027995194051,0.31411559611153084,9.996362589949937,41.95411804814745,9.201326389551845e-05,1.599807503176411,37.842090052953395
Portland,"(3, 3, 2, 1, 0, 1)","(3, 3, 2, 1, 0, 1)",0.3104209799186148,11.280759397004775,4.112027995194051,0.3103333506200358,9.680988229017242,41.95411804814745,8.762929857897284e-05,1.5997711679875337,37.842090052953395
Toronto,"(3, 3, 2, 1, 0, 1)","(3, 3, 2, 1, 0, 1)",0.3165869524514627,11.79810961398087,4.112027995194051,0.3164923700424988,10.19827743213569,41.95411804814745,9.458240896387249e-05,1.59983218184518,37.842090052953395
