site,dist_km,ind_owner_delta
Columbus,270.4785939411403,4.747661691226
StLouis,370.6129685223567,4.715636882423581
Nashville,404.64065812410377,4.699870356755611
Denver,1606.9229813969755,4.337509746546289
Portland,3027.264509272417,3.9178566504899095
Toronto,708.7236360821765,4.601516748076875
