{
  "total_equity": 0.03,
  "total_net_value": 28.989625628063198,
  "total_owner_terminal_delta": 13.20199223204827,
  "total_owner_cash_delta": 15.787633396014929,
  "total_win_delta": 0.06970898394215075,
  "total_cf_delta": 15.787633396014929,
  "owner_value": 268.0,
  "owner_share": 1.0
}