policy,seasons,n,leverage_mean,leverage_std,cash_flow_mean,cash_flow_std,cash_mean,cash_std,franchise_value_mean,franchise_value_std,debt_mean,debt_std,owner_share_mean,owner_share_std,terminal_value_mean,terminal_value_std,win_pct_mean,win_pct_std,elo_mean,elo_std,syn_mean,syn_std
mcts,1,10,0.024174378493705274,0.012620991806338399,20.521069563078065,2.5304313107523546,20.453732691528778,18.982993514822756,368.46334334156455,15.053826849824173,8.887397592848309,4.539665885519503,0.9950224375625,0.006663635670640982,357.8107569519899,16.510168616271656,0.39373696862749163,0.05081367604461413,1476.9907628975104,4.497993336517393,-1.6538712018871808,0.3441528815285996
mcts,2,10,0.007179109763143966,0.014367977905154561,18.72520369274799,2.674828964766747,78.27402727003218,48.60825074412876,446.2003896667646,62.16782438162519,2.50446,5.01035371669506,0.9910473501875,0.00761661482981816,439.6663899417916,65.55914543752436,0.35744647577789496,0.06960352348727068,1467.570426678146,9.470554119790918,-1.4829773601602978,0.4051020368719559
mcts,3,10,0.007179109763143966,0.014367977905154561,18.532523209022976,1.9117303313345089,138.34035230997074,79.03555288980803,533.2178891830351,117.16370080688026,2.50446,5.01035371669506,0.9856219388112499,0.010247009975186282,523.0114072937505,120.48099861793975,0.35184383595412283,0.06412950356433826,1458.9678830647917,13.463784738253691,-1.4371321734005433,0.41396662822035135
static,1,10,0.02984378310630345,0.003661128236022711,21.523151139764366,2.8691638798491654,30.220609482601333,7.7344819442606525,366.64681989800835,14.66766854184803,10.890393202250815,0.8974800021868558,1.0,0.0,355.75642669575757,15.493046668684693,0.35916804902404004,0.016565390723463073,1473.6447679548837,1.2325195445501262,-1.6172013316199785,0.057729503202109324
static,2,10,0.0,0.0,18.918891404161155,2.470588059740522,98.89835898668991,16.483585955822466,448.2680254454855,40.63880386309626,0.0,0.0,1.0,0.0,448.2680254454855,40.63880386309626,0.2838640117525534,0.025788779083030743,1458.1537383278094,2.1918907222742243,-1.6336921061825165,0.036539228208964804
static,3,10,0.0,0.0,18.56604853922617,1.5674842704888532,174.24124330434432,19.86386588106793,528.0800055489347,63.873043319085305,0.0,0.0,1.0,0.0,528.0800055489347,63.873043319085305,0.24389531982896884,0.020975533972008343,1441.9955818946426,2.169254037764035,-1.6167830645087116,0.050152874840793636
